100101,Dior@123
100102,Dior@124
100103,Dior@125
100104,Dior@126
100105,Dior@127
100106,Dior@128
100107,Dior@129
100108,Dior@130
100109,Dior@131
1001010,Dior@132
1001011,Dior@133
1001012,Dior@134
1001013,Dior@135
1001014,Dior@136
1001015,Dior@137
1001016,Dior@138
1001017,Dior@139
1001018,Dior@140
1001019,Dior@141
1001020,Dior@142
1001021,Dior@143
1001022,Dior@144
1001023,Dior@145
1001024,Dior@146
1001025,Dior@147
1001026,Dior@148
1001027,Dior@149
1001028,Dior@150
1001029,Dior@151
1001030,Dior@152
1001031,Dior@153
1001032,Dior@154
1001033,Dior@155
1001034,Dior@156